{"assets/.DS_Store":["assets/.DS_Store"],"assets/fonts/Raleway-Black.ttf":["assets/fonts/Raleway-Black.ttf"],"assets/fonts/Raleway-Bold.ttf":["assets/fonts/Raleway-Bold.ttf"],"assets/fonts/Raleway-Regular.ttf":["assets/fonts/Raleway-Regular.ttf"],"assets/fonts/RobotoCondensed-Bold.ttf":["assets/fonts/RobotoCondensed-Bold.ttf"],"assets/fonts/RobotoCondensed-Italic.ttf":["assets/fonts/RobotoCondensed-Italic.ttf"],"assets/fonts/RobotoCondensed-Light.ttf":["assets/fonts/RobotoCondensed-Light.ttf"],"assets/fonts/RobotoCondensed-Regular.ttf":["assets/fonts/RobotoCondensed-Regular.ttf"],"images/apgar_kid.jpg":["images/apgar_kid.jpg"],"images/biodro.jpg":["images/biodro.jpg"],"images/budowa.jpg":["images/budowa.jpg"],"images/czarne1.jpg":["images/czarne1.jpg"],"images/czarne2.jpg":["images/czarne2.jpg"],"images/czarne3.jpg":["images/czarne3.jpg"],"images/defi.jpg":["images/defi.jpg"],"images/dodechy.jpg":["images/dodechy.jpg"],"images/drawer.jpg":["images/drawer.jpg"],"images/glowa.jpg":["images/glowa.jpg"],"images/io.jpg":["images/io.jpg"],"images/ked.jpg":["images/ked.jpg"],"images/kneeadlt2.jpg":["images/kneeadlt2.jpg"],"images/kneekid2.jpg":["images/kneekid2.jpg"],"images/laryng.png":["images/laryng.png"],"images/laryng2.png":["images/laryng2.png"],"images/maska.jpg":["images/maska.jpg"],"images/miednica.jpg":["images/miednica.jpg"],"images/nadgarstek.jpg":["images/nadgarstek.jpg"],"images/newborn.jpg":["images/newborn.jpg"],"images/nogi1.jpg":["images/nogi1.jpg"],"images/nogi2.jpg":["images/nogi2.jpg"],"images/obrot.jpg":["images/obrot.jpg"],"images/odchylkeda.jpg":["images/odchylkeda.jpg"],"images/pad1.jpg":["images/pad1.jpg"],"images/pad2.jpg":["images/pad2.jpg"],"images/pad3.jpg":["images/pad3.jpg"],"images/passrodek.jpg":["images/passrodek.jpg"],"images/pedipac.jpg":["images/pedipac.jpg"],"images/pnxbig.jpg":["images/pnxbig.jpg"],"images/podkladkaked.jpg":["images/podkladkaked.jpg"],"images/pupa.jpg":["images/pupa.jpg"],"images/quicktrach.jpg":["images/quicktrach.jpg"],"images/quicktrach1.jpg":["images/quicktrach1.jpg"],"images/quicktrach2.jpg":["images/quicktrach2.jpg"],"images/ramiona.jpg":["images/ramiona.jpg"],"images/skladanie1.jpg":["images/skladanie1.jpg"],"images/skladanie2.jpg":["images/skladanie2.jpg"],"images/skladanie3.jpg":["images/skladanie3.jpg"],"images/skladanie4.jpg":["images/skladanie4.jpg"],"images/skladanie5.jpg":["images/skladanie5.jpg"],"images/skladanie6.jpg":["images/skladanie6.jpg"],"images/skladanie8.jpg":["images/skladanie8.jpg"],"images/skladanie9.jpg":["images/skladanie9.jpg"],"images/sliver.jpg":["images/sliver.jpg"],"images/tp.jpg":["images/tp.jpg"],"images/ulozenie.jpg":["images/ulozenie.jpg"],"images/uniesienie.jpg":["images/uniesienie.jpg"],"images/uszy.jpg":["images/uszy.jpg"],"images/wenflon.jpg":["images/wenflon.jpg"],"images/wklucie.jpg":["images/wklucie.jpg"],"images/wyciaganie.jpg":["images/wyciaganie.jpg"],"images/zacisk.jpg":["images/zacisk.jpg"],"images/zapiety.jpg":["images/zapiety.jpg"],"images/zyla1.jpg":["images/zyla1.jpg"],"images/zyla2.jpg":["images/zyla2.jpg"],"packages/cupertino_icons/assets/CupertinoIcons.ttf":["packages/cupertino_icons/assets/CupertinoIcons.ttf"],"packages/font_awesome_flutter/lib/fonts/fa-brands-400.ttf":["packages/font_awesome_flutter/lib/fonts/fa-brands-400.ttf"],"packages/font_awesome_flutter/lib/fonts/fa-regular-400.ttf":["packages/font_awesome_flutter/lib/fonts/fa-regular-400.ttf"],"packages/font_awesome_flutter/lib/fonts/fa-solid-900.ttf":["packages/font_awesome_flutter/lib/fonts/fa-solid-900.ttf"]}