[{"family":"MaterialIcons","fonts":[{"asset":"fonts/MaterialIcons-Regular.otf"}]},{"family":"Raleway","fonts":[{"asset":"assets/fonts/Raleway-Regular.ttf"},{"weight":700,"asset":"assets/fonts/Raleway-Bold.ttf"},{"weight":900,"asset":"assets/fonts/Raleway-Black.ttf"}]},{"family":"RobotoCondensed","fonts":[{"asset":"assets/fonts/RobotoCondensed-Regular.ttf"},{"weight":700,"asset":"assets/fonts/RobotoCondensed-Bold.ttf"},{"weight":300,"asset":"assets/fonts/RobotoCondensed-Light.ttf"},{"style":"italic","asset":"assets/fonts/RobotoCondensed-Italic.ttf"}]},{"family":"packages/cupertino_icons/CupertinoIcons","fonts":[{"asset":"packages/cupertino_icons/assets/CupertinoIcons.ttf"}]},{"family":"packages/font_awesome_flutter/FontAwesomeBrands","fonts":[{"weight":400,"asset":"packages/font_awesome_flutter/lib/fonts/fa-brands-400.ttf"}]},{"family":"packages/font_awesome_flutter/FontAwesomeRegular","fonts":[{"weight":400,"asset":"packages/font_awesome_flutter/lib/fonts/fa-regular-400.ttf"}]},{"family":"packages/font_awesome_flutter/FontAwesomeSolid","fonts":[{"weight":900,"asset":"packages/font_awesome_flutter/lib/fonts/fa-solid-900.ttf"}]}]