[{"family":"MaterialIcons","fonts":[{"asset":"fonts/MaterialIcons-Regular.otf"}]},{"family":"Montserrat","fonts":[{"weight":700,"asset":"assets/fonts/montserrat/Montserrat-Bold.ttf"},{"weight":600,"asset":"assets/fonts/montserrat/Montserrat-SemiBold.ttf"},{"weight":500,"asset":"assets/fonts/montserrat/Montserrat-Medium.ttf"},{"weight":400,"asset":"assets/fonts/montserrat/Montserrat-Regular.ttf"},{"weight":300,"asset":"assets/fonts/montserrat/Montserrat-Light.ttf"}]},{"family":"packages/cupertino_icons/CupertinoIcons","fonts":[{"asset":"packages/cupertino_icons/assets/CupertinoIcons.ttf"}]},{"family":"packages/font_awesome_flutter/FontAwesomeBrands","fonts":[{"weight":400,"asset":"packages/font_awesome_flutter/lib/fonts/fa-brands-400.ttf"}]},{"family":"packages/font_awesome_flutter/FontAwesomeRegular","fonts":[{"weight":400,"asset":"packages/font_awesome_flutter/lib/fonts/fa-regular-400.ttf"}]},{"family":"packages/font_awesome_flutter/FontAwesomeSolid","fonts":[{"weight":900,"asset":"packages/font_awesome_flutter/lib/fonts/fa-solid-900.ttf"}]}]